RElbowYaw,RElbowRoll,localX,localY,localZ
-2.08567,0.00872665,-0.02729847784052049,0.9945605578306725,-0.10051910223998414
-2.08567,0.09048156315789474,0.07617263128984916,0.994422741962443,-0.07294614801534842
-2.08567,0.17223647631578948,0.1788848364661584,0.9827947436159866,-0.04598594571456674
-2.08567,0.2539913894736842,0.27925818903676963,0.9600065504845261,-0.020057090584256056
-2.08567,0.33574630263157895,0.3755633178946356,0.9267862845365724,0.004401936717912483
-2.08567,0.4175012157894737,0.4666204147665175,0.8840424874658472,0.02709739615388429
-2.08567,0.4992561289473684,0.5517038473699182,0.8326657538984626,0.047860287106693065
-2.08567,0.5810110421052631,0.6296538856051566,0.7740312182175659,0.06642030989809798
-2.08567,0.6627659552631578,0.7003310899120659,0.7090040644447678,0.0827623169285233
-2.08567,0.7445208684210526,0.7634125382253373,0.6386120778898763,0.0968292851028166
-2.08567,0.8262757815789473,0.8181891456621149,0.5646200056297512,0.10849318487056302
-2.08567,0.9080306947368421,0.86518214257717,0.4873973512558602,0.11791387600426603
-2.08567,0.9897856078947368,0.9042737250288633,0.40822017297132945,0.12508125599657807
-2.08567,1.0715405210526316,0.9358167526969766,0.3275911623461563,0.13011931341803248
-2.08567,1.1532954342105264,0.9599840177477997,0.2463989353687822,0.13310991818013687
-2.08567,1.2350503473684211,0.9770875711776458,0.16522532931952755,0.13416582575836053
-2.08567,1.3168052605263159,0.987426829032942,0.08481473389186221,0.13339684486824155
-2.08567,1.3985601736842106,0.9913775318860364,0.005469131107253749,0.1309224116661571
-2.08567,1.4803150868421053,0.9892672995973789,-0.07253059641521259,0.12684448167328155
-2.08567,1.56207,0.9814625693406087,-0.14838104532755614,0.12130247471025747
-1.866125789473684,0.00872665,-0.06223601013765341,0.9910542628176136,-0.1180598458121234
-1.866125789473684,0.09048156315789474,0.044851229428274866,0.9925271428855057,-0.11348232397297535
-1.866125789473684,0.17223647631578948,0.15108309209519424,0.9824882410378342,-0.10904474084217732
-1.866125789473684,0.2539913894736842,0.25510407082546105,0.9612158551456227,-0.10481408714932965
-1.866125789473684,0.33574630263157895,0.3550829159861127,0.9293772679748749,-0.10086633009263699
-1.866125789473684,0.4175012157894737,0.449656245630566,0.8878905880978318,-0.0972602916544574
-1.866125789473684,0.4992561289473684,0.5378364260268391,0.8377880054731007,-0.0940384853348878
-1.866125789473684,0.5810110421052631,0.6183872212473102,0.7805582361109357,-0.09124738153730838
-1.866125789473684,0.6627659552631578,0.6917648773558727,0.7166329913705797,-0.08887356263855505
-1.866125789473684,0.7445208684210526,0.757499691572837,0.6470211856218324,-0.08693562344387397
-1.866125789473684,0.8262757815789473,0.8143563158755475,0.5740379759288989,-0.08546457151977217
-1.866125789473684,0.9080306947368421,0.8634169893103453,0.49737799810213656,-0.08441699813526937
-1.866125789473684,0.9897856078947368,0.9042850555437247,0.4186231297694805,-0.08380461528034858
-1.866125789473684,1.0715405210526316,0.9372423051786523,0.33850706103008094,-0.08360520926463413
-1.866125789473684,1.1532954342105264,0.9625767317664813,0.25772964264077325,-0.0837941929134642
-1.866125789473684,1.2350503473684211,0.9806617128188416,0.1765998579675946,-0.08435102356842754
-1.866125789473684,1.3168052605263159,0.9917288497150258,0.09594953805736316,-0.08525007207909302
-1.866125789473684,1.3985601736842106,0.9961115394126797,0.016959378129951463,-0.08645334315309393
-1.866125789473684,1.4803150868421053,0.9942513166884487,-0.06106656177106254,-0.08794995336409799
-1.866125789473684,1.56207,0.9864718249478993,-0.1372086543590123,-0.08970576209447217
-1.6465815789473683,0.00872665,-0.10006953251614985,0.9867715452418051,-0.12754609426830504
-1.6465815789473683,0.09048156315789474,0.0054591478653476634,0.9892343505251993,-0.1462381531802538
-1.6465815789473683,0.17223647631578948,0.11076146898221031,0.9801109722595367,-0.1646644437799744
-1.6465815789473683,0.2539913894736842,0.21315993553189608,0.9598457991268479,-0.18237018337047506
-1.6465815789473683,0.33574630263157895,0.3118599527188952,0.9290043891430153,-0.19923407048790973
-1.6465815789473683,0.4175012157894737,0.40547040951314967,0.8884557127357856,-0.21503533085608484
-1.6465815789473683,0.4992561289473684,0.49313653189068074,0.83909251736418,-0.22965214612163976
-1.6465815789473683,0.5810110421052631,0.57323150218414,0.7825822712273264,-0.24283869886077428
-1.6465815789473683,0.6627659552631578,0.6465860088920276,0.7190410023005496,-0.25476767871082034
-1.6465815789473683,0.7445208684210526,0.711751202422135,0.6504455528439916,-0.26519956379322907
-1.6465815789473683,0.8262757815789473,0.7686809396586436,0.5778985104468972,-0.27415857569801144
-1.6465815789473683,0.9080306947368421,0.8177459795793276,0.5019180190842765,-0.2817264897029773
-1.6465815789473683,0.9897856078947368,0.8590001271834063,0.4233380297669305,-0.2879300158926558
-1.6465815789473683,1.0715405210526316,0.8923247813230556,0.34357318895953337,-0.29276944592108245
-1.6465815789473683,1.1532954342105264,0.9181653525753191,0.2629846368590738,-0.2963299952862367
-1.6465815789473683,1.2350503473684211,0.9368229928470835,0.18209497523288887,-0.29867055440395684
-1.6465815789473683,1.3168052605263159,0.9485650494547846,0.10157845553746701,-0.2998435664199999
-1.6465815789473683,1.3985601736842106,0.9537045281602698,0.022347867032308306,-0.29991373060549176
-1.6465815789473683,1.4803150868421053,0.9526518402451079,-0.05554370157293601,-0.29894709982400985
-1.6465815789473683,1.56207,0.9457776728502412,-0.1314839953192457,-0.29701271439598503
-1.4270373684210527,0.00872665,-0.1390014953384271,0.9819168848389822,-0.1285216540579465
-1.4270373684210527,0.09048156315789474,-0.039759273432415664,0.9846893727816013,-0.1697234200312475
-1.4270373684210527,0.17223647631578948,0.05856541815832733,0.9759588304750555,-0.20993916503049706
-1.4270373684210527,0.2539913894736842,0.15535475907826,0.9559790218438976,-0.24893575200464946
-1.4270373684210527,0.33574630263157895,0.248588346415722,0.9254441091113191,-0.28593187114670116
-1.4270373684210527,0.4175012157894737,0.33684151289954634,0.8853728218119253,-0.32039469656087205
-1.4270373684210527,0.4992561289473684,0.42002390347996965,0.8363273958649566,-0.35232996953309165
-1.4270373684210527,0.5810110421052631,0.49675134322239717,0.779673297782855,-0.38124487108832233
-1.4270373684210527,0.6627659552631578,0.5662998917238026,0.7167442415225033,-0.40691783553678385
-1.4270373684210527,0.7445208684210526,0.6285535676800754,0.6485133192648797,-0.4293610220929437
-1.4270373684210527,0.8262757815789473,0.6835809668941033,0.5757052798327073,-0.44864294541747446
-1.4270373684210527,0.9080306947368421,0.7307586261034148,0.5001444000323574,-0.46459381129296473
-1.4270373684210527,0.9897856078947368,0.7706396886358119,0.42207163808573667,-0.47746204312271984
-1.4270373684210527,1.0715405210526316,0.8032891365155457,0.3424054437126813,-0.4873244045520715
-1.4270373684210527,1.1532954342105264,0.8289487834962667,0.26173835228150777,-0.4943045106865009
-1.4270373684210527,1.2350503473684211,0.8478194030344373,0.18077567628190536,-0.49852022496900783
-1.4270373684210527,1.3168052605263159,0.8601011888254348,0.10063277962073841,-0.5000989788500647
-1.4270373684210527,1.3985601736842106,0.8661966095187968,0.021797830987578037,-0.4992276917623641
-1.4270373684210527,1.4803150868421053,0.8664805081545607,-0.05625012074638569,-0.4960317055433365
-1.4270373684210527,1.56207,0.8612068721393203,-0.13260350151299935,-0.49065164298767033
-1.2074931578947368,0.00872665,-0.1771519484581697,0.976724392361604,-0.12094068183754107
-1.2074931578947368,0.09048156315789474,-0.08945669128979765,0.9791362851979754,-0.18245447484836066
-1.2074931578947368,0.17223647631578948,-0.0013156354361307323,0.9699815955133213,-0.2431747796726268
-1.2074931578947368,0.2539913894736842,0.08457017822672633,0.9497791461515391,-0.30127638223125464
-1.2074931578947368,0.33574630263157895,0.16808122243068774,0.9189617239050156,-0.35673246651198887
-1.2074931578947368,0.4175012157894737,0.2475911349102094,0.8785295746719793,-0.40851489121027806
-1.2074931578947368,0.4992561289473684,0.3221939141572802,0.8295552302593088,-0.4561021833201816
-1.2074931578947368,0.5810110421052631,0.3917003556037015,0.7727423576084059,-0.4994397663159555
-1.2074931578947368,0.6627659552631578,0.45518772280604175,0.7094608995546929,-0.5380235766299616
-1.2074931578947368,0.7445208684210526,0.5120849703850899,0.6411318376415771,-0.5715933430928286
-1.2074931578947368,0.8262757815789473,0.5624195066724376,0.5686596768410179,-0.6002586696161921
-1.2074931578947368,0.9080306947368421,0.6064135953015833,0.4925456523676433,-0.6242285893542048
-1.2074931578947368,0.9897856078947368,0.6437058227781062,0.41435348290511953,-0.6433925745032795
-1.2074931578947368,1.0715405210526316,0.6744935374984915,0.33488499970266966,-0.6579593489319183
-1.2074931578947368,1.1532954342105264,0.6992798195852034,0.25384497735512,-0.6682592770717547
-1.2074931578947368,1.2350503473684211,0.7177867957975735,0.17352010858720382,-0.6742943627930887
-1.2074931578947368,1.3168052605263159,0.7305711802660744,0.0935557858022619,-0.67639712115558
-1.2074931578947368,1.3985601736842106,0.7378583353705651,0.014602534181382172,-0.6747976310862835
-1.2074931578947368,1.4803150868421053,0.7408277912696195,-0.0632604722228455,-0.6687094259367963
-1.2074931578947368,1.56207,0.7384933014614897,-0.1397513137400638,-0.659618991543175
-0.9879489473684209,0.00872665,-0.21269030140803302,0.9714438731487586,-0.10516480879409565
-0.9879489473684209,0.09048156315789474,-0.14000901116505132,0.9727949222105262,-0.18457387711699835
-0.9879489473684209,0.17223647631578948,-0.06725799604090757,0.9626534759145557,-0.26224920834615484
-0.9879489473684209,0.2539913894736842,0.004704119506424047,0.9413762796814196,-0.33732561615275997
-0.9879489473684209,0.33574630263157895,0.07456739170859382,0.9097016488203971,-0.4085126855156741
-0.9879489473684209,0.4175012157894737,0.14148618207289726,0.8685129363833977,-0.47504414491405245
-0.9879489473684209,0.4992561289473684,0.2051217433440183,0.818480964713251,-0.5366693402921173
-0.9879489473684209,0.5810110421052631,0.2640473565685558,0.7613616747760055,-0.5921210971342215
-0.9879489473684209,0.6627659552631578,0.3184931180236893,0.6976595706867095,-0.6417423604537763
-0.9879489473684209,0.7445208684210526,0.36768395598507086,0.6290077488785106,-0.6849509182138214
-0.9879489473684209,0.8262757815789473,0.4117961490690854,0.5559649783608176,-0.7220296908355827
-0.9879489473684209,0.9080306947368421,0.4506073591869439,0.4796575729744318,-0.7529154139309716
-0.9879489473684209,0.9897856078947368,0.4839604674932169,0.4013377679346969,-0.7776311863171014
-0.9879489473684209,1.0715405210526316,0.5120822681078231,0.3214971627185054,-0.7964994193679605
-0.9879489473684209,1.1532954342105264,0.5350608771524226,0.24092113256694522,-0.8097325889597999
-0.9879489473684209,1.2350503473684211,0.5530128042961615,0.16043540740880427,-0.8175801601886303
-0.9879489473684209,1.3168052605263159,0.5661852058932182,0.08036186352357887,-0.8203513171310642
-0.9879489473684209,1.3985601736842106,0.5668844623363678,0.07493824826692191,-0.820381780214732
-0.9879489473684209,1.4803150868421053,0.5668077631855967,0.0749332592701177,-0.8204352297699665
-0.9879489473684209,1.56207,0.5667477628734723,0.07492329122559689,-0.820477588791942
-0.7684047368421052,0.00872665,-0.24391637524618767,0.9663283275460837,-0.08194123057868928
-0.7684047368421052,0.09048156315789474,-0.1904794469149819,0.9660577585501054,-0.17449924770069555
-0.7684047368421052,0.17223647631578948,-0.135808696636394,0.9543132552086007,-0.2661619973833377
-0.7684047368421052,0.2539913894736842,-0.0815544387943991,0.931595684830245,-0.3542292386557009
-0.7684047368421052,0.33574630263157895,-0.028169234879411535,0.8984899037103367,-0.43808947389420194
-0.7684047368421052,0.4175012157894737,0.02349710467830153,0.8559353256202191,-0.516548743515214
-0.7684047368421052,0.4992561289473684,0.07292464322925199,0.8048620008593546,-0.5889644776916201
-0.7684047368421052,0.5810110421052631,0.11943515438902297,0.7465549885880223,-0.6545157697950511
-0.7684047368421052,0.6627659552631578,0.16284373748483724,0.6818599655627646,-0.7131261490961573
-0.7684047368421052,0.7445208684210526,0.20264126694970339,0.6122099173002017,-0.7642875990674579
-0.7684047368421052,0.8262757815789473,0.23876140008212562,0.5384480074940662,-0.8081254463612029
-0.7684047368421052,0.9080306947368421,0.27101612126202435,0.4617169791788342,-0.8446109714857247
-0.7684047368421052,0.9897856078947368,0.2993873915668683,0.38288407791090395,-0.8739376251501612
-0.7684047368421052,1.0715405210526316,0.323888053344052,0.30276666327460583,-0.8963419417334895
-0.7684047368421052,1.1532954342105264,0.344577464376789,0.22209229063940697,-0.9121082093053454
-0.7684047368421052,1.2350503473684211,0.3615572117167406,0.14145331726601493,-0.9215570203140205
-0.7684047368421052,1.3168052605263159,0.37491767207851295,0.06155016924211775,-0.9250126030652206
-0.7684047368421052,1.3985601736842106,0.38373962309653775,-0.0073269886207426695,-0.9234122681140199
-0.7684047368421052,1.4803150868421053,0.3837047930246962,-0.007307964729885439,-0.9234268923208713
-0.7684047368421052,1.56207,0.3836771952024394,-0.007310023912598426,-0.9234383430592356
-0.5488605263157895,0.00872665,-0.2693183687535959,0.9616250303361534,-0.05239195818915165
-0.5488605263157895,0.09048156315789474,-0.23703642289060492,0.9591510906968594,-0.1544115262480454
-0.5488605263157895,0.17223647631578948,-0.20332570811101394,0.945284935384571,-0.2551373107880192
-0.5488605263157895,0.2539913894736842,-0.16899914411144762,0.9205164769204153,-0.3522622673628623
-0.5488605263157895,0.33574630263157895,-0.13445889177542536,0.8854568203930815,-0.4448449456180195
-0.5488605263157895,0.4175012157894737,-0.1003008524721423,0.8410795164870611,-0.5315307949115017
-0.5488605263157895,0.4992561289473684,-0.06695188562376239,0.788402893693972,-0.6115049650055134
-0.5488605263157895,0.5810110421052631,-0.03487519100753354,0.7286842444957471,-0.6839612510046533
-0.5488605263157895,0.6627659552631578,-0.004210954530699534,0.6627009870905576,-0.7488722651902264
-0.5488605263157895,0.7445208684210526,0.024614594113983736,0.5919038677222628,-0.8056326291381388
-0.5488605263157895,0.8262757815789473,0.05144854000881507,0.5172686034606678,-0.8542752715634532
-0.5488605263157895,0.9080306947368421,0.07626885637738584,0.4394058013158201,-0.8950450286532449
-0.5488605263157895,0.9897856078947368,0.09863639629798572,0.36039115015124,-0.9275716038225907
-0.5488605263157895,1.0715405210526316,0.11885087470534575,0.2798709397108604,-0.9526524689975532
-0.5488605263157895,1.1532954342105264,0.1367821543745811,0.1989494655268385,-0.9704173083839929
-0.5488605263157895,1.2350503473684211,0.15246124895177185,0.11815863319292079,-0.9812207218409356
-0.5488605263157895,1.3168052605263159,0.16586693109272338,0.03835326275779224,-0.9854020440438074
-0.5488605263157895,1.3985601736842106,0.17678939057824944,-0.03805610804372952,-0.9835127065877365
-0.5488605263157895,1.4803150868421053,0.17678343390451645,-0.03805375751442926,-0.9835138682479065
-0.5488605263157895,1.56207,0.17678352644913753,-0.03805346046208144,-0.9835138631067017
-0.3293163157894736,0.00872665,-0.2876736823188702,0.9575603336708947,-0.017946026891385965
-0.3293163157894736,0.09048156315789474,-0.2781033595521905,0.9524555449635369,-0.12444660009014809
-0.3293163157894736,0.17223647631578948,-0.26670772197934955,0.9360236375992754,-0.22962304085610866
-0.3293163157894736,0.2539913894736842,-0.2537660478626966,0.9087747787251658,-0.3312569916321369
-0.3293163157894736,0.33574630263157895,-0.2395111370394201,0.8714110205084529,-0.4281089213862531
-0.3293163157894736,0.4175012157894737,-0.22421807555380732,0.8248743845406896,-0.5189494236662815
-0.3293163157894736,0.4992561289473684,-0.20816570998329786,0.7702687897945545,-0.6027877144199126
-0.3293163157894736,0.5810110421052631,-0.19157881526087733,0.7085996745207979,-0.6791053370518142
-0.3293163157894736,0.6627659552631578,-0.17471004460178463,0.6410604135613821,-0.7473405826527502
-0.3293163157894736,0.7445208684210526,-0.15785624205047283,0.569115501280688,-0.806962795330574
-0.3293163157894736,0.8262757815789473,-0.14106763420055063,0.4932356138744114,-0.8583813556846351
-0.3293163157894736,0.9080306947368421,-0.12460222960895535,0.41478942627098786,-0.9013456696685583
-0.3293163157894736,0.9897856078947368,-0.10858927814431531,0.3346720652382269,-0.9360571443139978
-0.3293163157894736,1.0715405210526316,-0.0931346936275946,0.2536330204524939,-0.9628064290287216
-0.3293163157894736,1.1532954342105264,-0.07832584895004903,0.17238969964818074,-0.9819097987297327
-0.3293163157894736,1.2350503473684211,-0.06423527233416956,0.0915541616864193,-0.9937261520489697
-0.3293163157894736,1.3168052605263159,-0.05092599323442834,0.011720815187507774,-0.998633649395226
-0.3293163157894736,1.3985601736842106,-0.0388920178672339,-0.06371201754100708,-0.9972102034010027
-0.3293163157894736,1.4803150868421053,-0.03931480459908289,-0.06395417536948232,-0.9971781233020235
-0.3293163157894736,1.56207,-0.03932601402142904,-0.06396959776156722,-0.9971766920578368
-0.10977210526315773,0.00872665,-0.29811152492130893,0.9543278255301708,0.019695688054691407
-0.10977210526315773,0.09048156315789474,-0.31162825587900767,0.9463003303267211,-0.08604368054276913
-0.10977210526315773,0.17223647631578948,-0.32295156432275557,0.9269657925307507,-0.19088401341998784
-0.10977210526315773,0.2539913894736842,-0.33183300011326444,0.896950357198319,-0.29217617417859115
-0.10977210526315773,0.33574630263157895,-0.33826661663701635,0.8569410653463774,-0.38888006710547834
-0.10977210526315773,0.4175012157894737,-0.3422569705123264,0.8079989749723585,-0.4795808822079363
-0.10977210526315773,0.4992561289473684,-0.34388925098082423,0.7511231668584564,-0.5635194506566487
-0.10977210526315773,0.5810110421052631,-0.3432771262769421,0.6874498847418717,-0.6399792735264414
-0.10977210526315773,0.6627659552631578,-0.3405716162830219,0.618226849152243,-0.7083830441009016
-0.10977210526315773,0.7445208684210526,-0.335952463356477,0.544654355822516,-0.7684318935652498
-0.10977210526315773,0.8262757815789473,-0.32958502285565766,0.4674934473726504,-0.8202582455378737
-0.10977210526315773,0.9080306947368421,-0.3216749486838608,0.3880470326152746,-0.8636809178554979
-0.10977210526315773,0.9897856078947368,-0.31240880064328796,0.30716047497790977,-0.8989177848346128
-0.10977210526315773,1.0715405210526316,-0.3019438517860877,0.2254694276638852,-0.9262793571906378
-0.10977210526315773,1.1532954342105264,-0.2904744065103771,0.14388991624058792,-0.9460022786266007
-0.10977210526315773,1.2350503473684211,-0.2781275920916048,0.06281411470123179,-0.9584880956546233
-0.10977210526315773,1.3168052605263159,-0.2650586215683394,-0.017114165177496796,-0.9640804076852559
-0.10977210526315773,1.3985601736842106,-0.2514336180091035,-0.09525278290057232,-0.9631760187445225
-0.10977210526315773,1.4803150868421053,-0.23729286303671393,-0.17163700412785537,-0.956155236332393
-0.10977210526315773,1.56207,-0.2354367148025369,-0.18133594492854777,-0.9548229303906874
0.10977210526315817,0.00872665,-0.30014565715772196,0.9520807465864786,0.05877785695899851
0.10977210526315817,0.09048156315789474,-0.336041431621445,0.940937671452134,-0.04138181576545455
0.10977210526315817,0.17223647631578948,-0.36939198049205013,0.9185616982156364,-0.14069104917999256
0.10977210526315817,0.2539913894736842,-0.399471211895259,0.8856183578085023,-0.23686045507746648
0.10977210526315817,0.33574630263157895,-0.42601786266206815,0.842865364448441,-0.3287655062594617
0.10977210526315817,0.4175012157894737,-0.44880832661113435,0.7912754907497869,-0.41527603314325473
0.10977210526315817,0.4992561289473684,-0.46765810199446856,0.732163634156094,-0.49520936224820356
0.10977210526315817,0.5810110421052631,-0.4826583784882722,0.6663512283649408,-0.568345783948123
0.10977210526315817,0.6627659552631578,-0.4937981938615917,0.5952461623325102,-0.6339127305611152
0.10977210526315817,0.7445208684210526,-0.501216762358133,0.5199377831902579,-0.6916982425468721
0.10977210526315817,0.8262757815789473,-0.505086526644637,0.44150121595912156,-0.7415957638152159
0.10977210526315817,0.9080306947368421,-0.5056156779816032,0.3608602608948038,-0.783666165076774
0.10977210526315817,0.9897856078947368,-0.5030319012374806,0.27898211722367383,-0.8180023744505891
0.10977210526315817,1.0715405210526316,-0.49756983529306065,0.1966390428009357,-0.844841609920326
0.10977210526315817,1.1532954342105264,-0.48950314127330313,0.11480415036924921,-0.8644111763168981
0.10977210526315817,1.2350503473684211,-0.4789745205664591,0.03324934950437592,-0.8771988881694199
0.10977210526315817,1.3168052605263159,-0.4663108593430507,-0.04664898324996644,-0.8833900921000245
0.10977210526315817,1.3985601736842106,-0.45174873759206086,-0.12447322731955074,-0.883419206132986
0.10977210526315817,1.4803150868421053,-0.43535264961668074,-0.20057300731281835,-0.8776323485430717
0.10977210526315817,1.56207,-0.41741679909040813,-0.27408480988818984,-0.8663952520793685
0.3293163157894736,0.00872665,-0.29367404154024956,0.9509270898341149,0.09743319324048152
0.3293163157894736,0.09048156315789474,-0.3501327014625235,0.9366681508524644,0.007737347425345503
0.3293163157894736,0.17223647631578948,-0.40375255555067874,0.9112434123430856,-0.0813591872355256
0.3293163157894736,0.2539913894736842,-0.4534542765471445,0.87530441413411,-0.16799226672215617
0.3293163157894736,0.33574630263157895,-0.4985578616131622,0.8297807695944918,-0.250806564975648
0.3293163157894736,0.4175012157894737,-0.5387142443495315,0.7756168892481784,-0.32894589836003796
0.3293163157894736,0.4992561289473684,-0.5736396486978863,0.7138949524282073,-0.40161119299553044
0.3293163157894736,0.5810110421052631,-0.6030820172850501,0.645999951665486,-0.4679488678003021
0.3293163157894736,0.6627659552631578,-0.6270924270026859,0.5729700626674575,-0.5276934671594209
0.3293163157894736,0.7445208684210526,-0.6457339389045839,0.49598970587982194,-0.5805358660823801
0.3293163157894736,0.8262757815789473,-0.6591738374946726,0.41608620231100973,-0.6263881577815376
0.3293163157894736,0.9080306947368421,-0.6676122663958527,0.33444580677366376,-0.6651615323282805
0.3293163157894736,0.9897856078947368,-0.671345566723896,0.2516965582451679,-0.6970968172411259
0.3293163157894736,1.0715405210526316,-0.6706524638253462,0.16871958684387633,-0.7223288543179102
0.3293163157894736,1.1532954342105264,-0.6658384914068062,0.08619562517920482,-0.7411001400357947
0.3293163157894736,1.2350503473684211,-0.6572105553898737,0.004709830444943694,-0.7536923134683765
0.3293163157894736,1.3168052605263159,-0.645069563727466,-0.07523697497587069,-0.7604108465487172
0.3293163157894736,1.3985601736842106,-0.6297045719896014,-0.15326280469242082,-0.7615659293279905
0.3293163157894736,1.4803150868421053,-0.6114120228280481,-0.2289087353218551,-0.7574801180457895
0.3293163157894736,1.56207,-0.5904668157126542,-0.3018753881192946,-0.7484785832540459
0.5488605263157895,0.00872665,-0.27900941673511076,0.9509209516044562,0.13380242588536456
0.5488605263157895,0.09048156315789474,-0.3532833992710696,0.9336671847214661,0.05879139370494666
0.5488605263157895,0.17223647631578948,-0.4243888512846968,0.9053415069128541,-0.015838521585616938
0.5488605263157895,0.2539913894736842,-0.49114868693151653,0.8665380612264386,-0.08879614727775136
0.5488605263157895,0.33574630263157895,-0.5524441461402411,0.818291759315425,-0.15875787234605557
0.5488605263157895,0.4175012157894737,-0.6077403027902759,0.7616085417583489,-0.22495366964134025
0.5488605263157895,0.4992561289473684,-0.6565861231137803,0.6976514178949642,-0.2866655927096268
0.5488605263157895,0.5810110421052631,-0.6987133575162542,0.6276292244308407,-0.343338318089759
0.5488605263157895,0.6627659552631578,-0.7340191718453697,0.5527425102798507,-0.3945777143896586
0.5488605263157895,0.7445208684210526,-0.7625388390458324,0.4741461049504446,-0.4401363312735679
0.5488605263157895,0.8262757815789473,-0.784418843295904,0.3929186765444897,-0.47989789737489225
0.5488605263157895,0.9080306947368421,-0.7998972338113685,0.3100381774522048,-0.5138489504348881
0.5488605263157895,0.9897856078947368,-0.8092676275154354,0.22638676610394004,-0.5420654381055284
0.5488605263157895,1.0715405210526316,-0.8128681686399573,0.14273675272297331,-0.5646871344683022
0.5488605263157895,1.1532954342105264,-0.8110592253470978,0.05975502210192669,-0.5819040043795574
0.5488605263157895,1.2350503473684211,-0.804208864644048,-0.02198129609503003,-0.5939401692510065
0.5488605263157895,1.3168052605263159,-0.7927053793636003,-0.10186895488080756,-0.6010331917286286
0.5488605263157895,1.3985601736842106,-0.7768531433449961,-0.17983170056963105,-0.6034565047666927
0.5488605263157895,1.4803150868421053,-0.7569648138834039,-0.2554978539403883,-0.6014358795202691
0.5488605263157895,1.56207,-0.7336856935596994,-0.3275886980212757,-0.5953074398951758
0.7684047368421054,0.00872665,-0.2568415382905747,0.9520647123374095,0.16614814994581417
0.7684047368421054,0.09048156315789474,-0.3453047081366807,0.9320920103090795,0.10940357789679768
0.7684047368421054,0.17223647631578948,-0.4303052744681628,0.9011420837931592,0.05272869789594536
0.7684047368421054,0.2539913894736842,-0.5107513367362824,0.8597228500464795,-0.003113379202559913
0.7684047368421054,0.33574630263157895,-0.5850185788603819,0.8090199599554823,-0.05692070609021757
0.7684047368421054,0.4175012157894737,-0.6524917690532442,0.7500423426276156,-0.10812481483658752
0.7684047368421054,0.4992561289473684,-0.7125992655799117,0.6839717246054895,-0.15615686547559413
0.7684047368421054,0.5810110421052631,-0.7650572755691307,0.6119090779447861,-0.20063560358894633
0.7684047368421054,0.6627659552631578,-0.8095948894784711,0.5351667712007121,-0.2411485889093
0.7684047368421054,0.7445208684210526,-0.846001446594293,0.4554200065099324,-0.27726191594024724
0.7684047368421054,0.8262757815789473,-0.8748283998920118,0.37287123330181104,-0.30926091592435134
0.7684047368421054,0.9080306947368421,-0.8960936848217156,0.2890021478111337,-0.33688850764487566
0.7684047368421054,0.9897856078947368,-0.9101660828552033,0.20451176070052085,-0.36023969985995186
0.7684047368421054,1.0715405210526316,-0.917398047048955,0.12022469572602006,-0.37937691786447597
0.7684047368421054,1.1532954342105264,-0.918190444936294,0.036801249899975054,-0.3944261335579703
0.7684047368421054,1.2350503473684211,-0.9129535549149052,-0.045248694542476306,-0.4055469913714552
0.7684047368421054,1.3168052605263159,-0.9021076965974124,-0.1253781263769948,-0.4128946950081889
0.7684047368421054,1.3985601736842106,-0.8861013759644886,-0.20304189309121282,-0.41665134244806706
0.7684047368421054,1.4803150868421053,-0.865283484612377,-0.27815645372850123,-0.417029349694055
0.7684047368421054,1.56207,-0.840040195931743,-0.3504172296269284,-0.41417415950243375
0.9879489473684209,0.00872665,-0.2282362993994089,0.9543028164140809,0.1929101506417338
0.9879489473684209,0.09048156315789474,-0.32641161008466574,0.9320642490951088,0.15719954313135745
0.9879489473684209,0.17223647631578948,-0.4214702616690849,0.8987422650672461,0.12093452571697161
0.9879489473684209,0.2539913894736842,-0.5113354415284288,0.8551740709476108,0.08493158785644762
0.9879489473684209,0.33574630263157895,-0.594745006583419,0.8023726409931405,0.049764667483887234
0.9879489473684209,0.4175012157894737,-0.670844977815172,0.7414274221881347,0.01588689295042943
0.9879489473684209,0.4992561289473684,-0.7389690722657803,0.6735420908987518,-0.016302209126054724
0.9879489473684209,0.5810110421052631,-0.7986823540238549,0.5999557226614106,-0.046471800231302325
0.9879489473684209,0.6627659552631578,-0.850000449049171,0.5214872874974009,-0.07449997043496452
0.9879489473684209,0.7445208684210526,-0.8920866379749974,0.44071959948445183,-0.09973798161548258
0.9879489473684209,0.8262757815789473,-0.9260240605086923,0.356987265187446,-0.12263576906017913
0.9879489473684209,0.9080306947368421,-0.9516240076638172,0.2720250853932182,-0.14287792325851983
0.9879489473684209,0.9897856078947368,-0.969201166845855,0.18684765173393106,-0.16042771963145533
0.9879489473684209,1.0715405210526316,-0.979207063963635,0.10199555075889835,-0.1753580152405545
0.9879489473684209,1.1532954342105264,-0.9820559954985473,0.01817409461720209,-0.18771181100346954
0.9879489473684209,1.2350503473684211,-0.9781959341018668,-0.0640566290132297,-0.19755875780647592
0.9879489473684209,1.3168052605263159,-0.9680647123121404,-0.1443162597211617,-0.20499641449573508
0.9879489473684209,1.3985601736842106,-0.9521570244844272,-0.22193261050553525,-0.21010215876844388
0.9879489473684209,1.4803150868421053,-0.9308642064631419,-0.29685277040455027,-0.21300296201904909
0.9879489473684209,1.56207,-0.9046187186899876,-0.36871207035343473,-0.2138138979846007
1.2074931578947368,0.00872665,-0.19457388543067922,0.9575265629466375,0.21280010422931683
1.2074931578947368,0.09048156315789474,-0.2978158788839685,0.9334968266791711,0.19972325068575947
1.2074931578947368,0.17223647631578948,-0.3979064755919494,0.8984288136008352,0.18573126708712598
1.2074931578947368,0.2539913894736842,-0.4928740078445394,0.8531075695350937,0.17112184896495822
1.2074931578947368,0.33574630263157895,-0.5811477625485117,0.7986689872787603,0.1561893941469074
1.2074931578947368,0.4175012157894737,-0.6619083744816598,0.7361774688171411,0.1411383654327701
1.2074931578947368,0.4992561289473684,-0.734429906939108,0.6668510068657973,0.12618417664463966
1.2074931578947368,0.5810110421052631,-0.7982105366536179,0.5919616133632107,0.11154096771844985
1.2074931578947368,0.6627659552631578,-0.8530076535189154,0.5127346437616934,0.0973710846438679
1.2074931578947368,0.7445208684210526,-0.8987663549182309,0.4303412643258266,0.08381787091930859
1.2074931578947368,0.8262757815789473,-0.9356169049103725,0.3458065170007422,0.0709849282999597
1.2074931578947368,0.9080306947368421,-0.9637329638544339,0.26026877590838765,0.05898252849359821
1.2074931578947368,0.9897856078947368,-0.9834943530778316,0.174494824185259,0.047858267797455174
1.2074931578947368,1.0715405210526316,-0.9953231793258499,0.08897299976548124,0.03762411473262484
1.2074931578947368,1.1532954342105264,-0.9995839069539041,0.005084538274902257,0.028392964433111754
1.2074931578947368,1.2350503473684211,-0.996792014564946,-0.07747793901653037,0.020071090286958873
1.2074931578947368,1.3168052605263159,-0.9873988726188623,-0.15773957874143144,0.012715803139218808
1.2074931578947368,1.3985601736842106,-0.9718700662119857,-0.23543328598729257,0.006304145488171658
1.2074931578947368,1.4803150868421053,-0.9506606618561387,-0.3102315852723267,0.0008182289822876506
1.2074931578947368,1.56207,-0.9242280101829574,-0.3818225195961487,-0.003761478765028377
1.4270373684210527,0.00872665,-0.15746133681419114,0.9615824464461761,0.22486690751481178
1.4270373684210527,0.09048156315789474,-0.2608875232379778,0.9363189157496266,0.23504167338622617
1.4270373684210527,0.17223647631578948,-0.3611577032891732,0.9000392297516949,0.24391494063067382
1.4270373684210527,0.2539913894736842,-0.4562688725052982,0.8536123588507176,0.25132579811881167
1.4270373684210527,0.33574630263157895,-0.544931545994213,0.7980523171815205,0.2572199627197757
1.4270373684210527,0.4175012157894737,-0.6260973129240022,0.734558117721271,0.26158464488407474
1.4270373684210527,0.4992561289473684,-0.6991395133830289,0.6642764335089026,0.2644631556781286
1.4270373684210527,0.5810110421052631,-0.7635336467234047,0.5884937301423178,0.2658787315759568
1.4270373684210527,0.6627659552631578,-0.8189889785458045,0.5084624321131012,0.265937978013915
1.4270373684210527,0.7445208684210526,-0.8654453409784968,0.4253507086062074,0.2647284202098648
1.4270373684210527,0.8262757815789473,-0.9029928552966848,0.34024739638421875,0.26236541795156765
1.4270373684210527,0.9080306947368421,-0.9318790336325203,0.25407036886110584,0.2589395959348467
1.4270373684210527,0.9897856078947368,-0.9523839938655047,0.16780221977460746,0.2545724715429865
1.4270373684210527,1.0715405210526316,-0.9649188319402869,0.08213611950414489,0.2493698170184059
1.4270373684210527,1.1532954342105264,-0.9699146004539456,-0.002279935394210157,0.24343473400659385
1.4270373684210527,1.2350503473684211,-0.9678267888673865,-0.08489776908558815,0.23686214462200028
1.4270373684210527,1.3168052605263159,-0.9591201041944868,-0.16525458286167155,0.22973799984585022
1.4270373684210527,1.3985601736842106,-0.9442446176646772,-0.24301549649613138,0.2221386289550434
1.4270373684210527,1.4803150868421053,-0.9237002574160932,-0.31766989504306004,0.21415805432617843
1.4270373684210527,1.56207,-0.8978647295222832,-0.3891923580067636,0.20583545843467338
1.6465815789473686,0.00872665,-0.11866975338809992,0.9662783479445533,0.22852493064073415
1.6465815789473686,0.09048156315789474,-0.21704959412003325,0.9405003180608754,0.2614357003542576
1.6465815789473686,0.17223647631578948,-0.3125820692602541,0.9036641759728836,0.29271745257197573
1.6465815789473686,0.2539913894736842,-0.40319046329897756,0.8567059992839571,0.3217021620934999
1.6465815789473686,0.33574630263157895,-0.4876986984049489,0.8006308164134888,0.34805211590103763
1.6465815789473686,0.4175012157894737,-0.5651192476371165,0.7366340549941973,0.3714976513692451
1.6465815789473686,0.4992561289473684,-0.6348904640567226,0.665819766814405,0.3919159817729443
1.6465815789473686,0.5810110421052631,-0.6963049578003255,0.5897041907272543,0.40915568330575713
1.6465815789473686,0.6627659552631578,-0.7493992216206751,0.5091440310101802,0.4232885095546899
1.6465815789473686,0.7445208684210526,-0.7938232506178897,0.42571714370042935,0.4342920219598732
1.6465815789473686,0.8262757815789473,-0.8298076214442821,0.3402828135806928,0.44229731875130157
1.6465815789473686,0.9080306947368421,-0.8575759742938568,0.25371190287196327,0.4474301271204586
1.6465815789473686,0.9897856078947368,-0.877295097321208,0.1673530477991577,0.4498291560231562
1.6465815789473686,1.0715405210526316,-0.8894636675188603,0.08147484446576721,0.4496845937801042
1.6465815789473686,1.1532954342105264,-0.8944469013863615,-0.0031141076559445652,0.44716332914701756
1.6465815789473686,1.2350503473684211,-0.8926720108950297,-0.08591894648425112,0.4424416521979599
1.6465815789473686,1.3168052605263159,-0.8845943368954946,-0.16632207824991332,0.4356946469937976
1.6465815789473686,1.3985601736842106,-0.8706246452544754,-0.24415511496210726,0.42708430890558235
1.6465815789473686,1.4803150868421053,-0.8512189038277314,-0.318934078401938,0.4167822349863557
1.6465815789473686,1.56207,-0.826785650751851,-0.39045306041540956,0.40493443336308
1.8661257894736845,0.00872665,-0.08006713672828017,0.9713885786956703,0.22359222436332735
1.8661257894736845,0.09048156315789474,-0.1686644725875743,0.9457644888780132,0.2776361418548847
1.8661257894736845,0.17223647631578948,-0.25461550833551994,0.9090926482154188,0.329729434348409
1.8661257894736845,0.2539913894736842,-0.33622004065922534,0.86222155007448,0.3788536430420986
1.8661257894736845,0.33574630263157895,-0.4122582886002498,0.8062378511642357,0.4242919169987435
1.8661257894736845,0.4175012157894737,-0.4818406367959485,0.7423636817819567,0.46553814527191273
1.8661257894736845,0.4992561289473684,-0.5446505515684777,0.6715022030000393,0.5024346405675536
1.8661257894736845,0.5810110421052631,-0.5998281460782398,0.5954030912322927,0.5345103872923069
1.8661257894736845,0.6627659552631578,-0.6476646124925661,0.5145097624967483,0.5619699760844825
1.8661257894736845,0.7445208684210526,-0.6873055371150635,0.43142676973272165,0.5843646472956449
1.8661257894736845,0.8262757815789473,-0.71951400195312,0.3459677429534113,0.6021676858061449
1.8661257894736845,0.9080306947368421,-0.7442080908120787,0.25972998882091447,0.6153817111979591
1.8661257894736845,0.9897856078947368,-0.7618221026445194,0.1729551972746927,0.6242704411214384
1.8661257894736845,1.0715405210526316,-0.7725379194190592,0.08695854740305821,0.6289859887892744
1.8661257894736845,1.1532954342105264,-0.7767587746127914,0.0024053230289705608,0.6297936332507348
1.8661257894736845,1.2350503473684211,-0.7749026862275992,-0.08044462997625985,0.626940578033703
1.8661257894736845,1.3168052605263159,-0.7673427442574033,-0.16099327518879203,0.620698218282849
1.8661257894736845,1.3985601736842106,-0.7544075680218632,-0.2392591092846238,0.6112481492288269
1.8661257894736845,1.4803150868421053,-0.7367275188690334,-0.31375498399755314,0.5989911292813718
1.8661257894736845,1.56207,-0.7144093138290307,-0.38542876133337883,0.5840068512024075
2.08567,0.00872665,-0.04351357017790705,0.9766666748764584,0.21030638458243348
2.08567,0.09048156315789474,-0.11798549827699614,0.9518786820605362,0.2828540203621402
2.08567,0.17223647631578948,-0.19014334681260653,0.9160128863213316,0.35322216770209114
2.08567,0.2539913894736842,-0.2585196842310463,0.8699358694676874,0.41997518483665053
2.08567,0.33574630263157895,-0.3223249824045813,0.8145202142050253,0.48235197353103676
2.08567,0.4175012157894737,-0.3804495397473549,0.7512892557244064,0.5392797065893482
2.08567,0.4992561289473684,-0.4327155126223943,0.6811424162837327,0.5905948644164597
2.08567,0.5810110421052631,-0.4786618490208696,0.6054447700638369,0.635861199236335
2.08567,0.6627659552631578,-0.5181041975971098,0.5254382209756483,0.6748945964891117
2.08567,0.7445208684210526,-0.5509955523058345,0.44230373798128403,0.707651965804499
2.08567,0.8262757815789473,-0.5774855539037284,0.3568423720679692,0.7342846563352725
2.08567,0.9080306947368421,-0.5975098282479849,0.2708846095562142,0.7547208314685907
2.08567,0.9897856078947368,-0.6115473235547488,0.18435718376303925,0.7694298537540536
2.08567,1.0715405210526316,-0.6197706945280708,0.09860226684294475,0.7785639852816373
2.08567,1.1532954342105264,-0.6225377901532577,0.013964191188866517,0.7824651437575603
2.08567,1.2350503473684211,-0.6201703453704421,-0.06890236378428059,0.7814353504852753
2.08567,1.3168052605263159,-0.6130150955947519,-0.14947712580689754,0.7758022179869468
2.08567,1.3985601736842106,-0.6014061504541682,-0.22754410659649288,0.7658552877333304
2.08567,1.4803150868421053,-0.5856680580150854,-0.3026027586050627,0.7519471366428924
2.08567,1.56207,-0.5661432600360446,-0.3743984426748488,0.7343756635662755
